Id;Label;Attribute
1;"Node 1";0
2;"Node 2";0
3;"Node 3";0
4;"Node 4";0
5;"Node 5";0
6;"Node 6";0
7;"Node 7";0
8;"Node 8";0
9;"Node 9";0
10;"Node 10";0
11;"Node 11";0
12;"Node 12";0
13;"Node 13";0
14;"Node 14";0
15;"Node 15";0
16;"Node 16";0
17;"Node 17";0
18;"Node 18";0
19;"Node 19";0
20;"Node 20";0
21;"Node 21";0
22;"Node 22";0
23;"Node 23";0
24;"Node 24";0
25;"Node 25";0
26;"Node 26";0
27;"Node 27";0
28;"Node 28";0
29;"Node 29";0
30;"Node 30";0
31;"Node 31";0
32;"Node 32";0
33;"Node 33";0
34;"Node 34";0
35;"Node 35";0
36;"Node 36";0
37;"Node 37";0
38;"Node 38";0
39;"Node 39";0
40;"Node 40";0
41;"Node 41";0
42;"Node 42";0
43;"Node 43";0
44;"Node 44";0
45;"Node 45";0
46;"Node 46";0
47;"Node 47";0
48;"Node 48";0
49;"Node 49";0
50;"Node 50";0
51;"Node 51";0
52;"Node 52";0
53;"Node 53";0
54;"Node 54";0
55;"Node 55";0
56;"Node 56";0
57;"Node 57";0
58;"Node 58";0
59;"Node 59";0
60;"Node 60";0
61;"Node 61";0
62;"Node 62";0
